{"src":[{"imgUrl":"","color":"#FFF1AE","srcId":"textUser","w":197,"fitType":"fitXY","h":46,"textStr":"[textUser]","z":3,"style":"b","srcType":"textStr"},{"imgUrl":"","color":"#FFF1AE","srcId":"textAnchor","w":197,"fitType":"fitXY","h":46,"textStr":"[textAnchor]","z":2,"style":"b","srcType":"textStr"},{"imgUrl":"[imgAnchor]","color":"#000000","srcId":"imgAnchor","w":60,"fitType":"centerFull","h":60,"textStr":"","z":1,"style":"","srcType":"imgUrl"},{"imgUrl":"[imgUser]","color":"#000000","srcId":"imgUser","w":85,"fitType":"centerFull","h":85,"textStr":"","z":0,"style":"","srcType":"imgUrl"}],"info":{"v":1,"f":200,"w":752,"h":1344},"mask":[{"maskType":"srcOut","maskName":"textUserMask.png","w":1024,"h":900,"maskId":"textUserMask","frame":[{"i":39,"mw":197,"mx":0,"mh":45,"my":0},{"i":40,"mw":197,"mx":0,"mh":45,"my":0},{"i":41,"mw":197,"mx":0,"mh":45,"my":0},{"i":42,"mw":197,"mx":0,"mh":45,"my":0},{"i":43,"mw":198,"mx":197,"mh":45,"my":0},{"i":44,"mw":198,"mx":197,"mh":45,"my":0},{"i":45,"mw":198,"mx":197,"mh":45,"my":0},{"i":46,"mw":197,"mx":395,"mh":45,"my":0},{"i":47,"mw":198,"mx":592,"mh":45,"my":0},{"i":48,"mw":197,"mx":790,"mh":45,"my":0},{"i":49,"mw":197,"mx":790,"mh":45,"my":0},{"i":50,"mw":197,"mx":0,"mh":45,"my":45},{"i":51,"mw":197,"mx":197,"mh":45,"my":45},{"i":52,"mw":197,"mx":394,"mh":45,"my":45},{"i":53,"mw":197,"mx":591,"mh":45,"my":45},{"i":54,"mw":197,"mx":788,"mh":45,"my":45},{"i":55,"mw":197,"mx":788,"mh":45,"my":45},{"i":56,"mw":197,"mx":0,"mh":45,"my":90},{"i":57,"mw":197,"mx":197,"mh":45,"my":90},{"i":58,"mw":197,"mx":394,"mh":45,"my":90},{"i":59,"mw":197,"mx":591,"mh":45,"my":90},{"i":60,"mw":197,"mx":788,"mh":45,"my":90},{"i":61,"mw":197,"mx":0,"mh":45,"my":135},{"i":62,"mw":197,"mx":197,"mh":45,"my":135},{"i":63,"mw":197,"mx":394,"mh":45,"my":135},{"i":64,"mw":197,"mx":591,"mh":45,"my":135},{"i":65,"mw":197,"mx":788,"mh":45,"my":135},{"i":66,"mw":197,"mx":0,"mh":45,"my":180},{"i":67,"mw":197,"mx":197,"mh":45,"my":180},{"i":68,"mw":197,"mx":394,"mh":45,"my":180},{"i":69,"mw":197,"mx":591,"mh":45,"my":180},{"i":70,"mw":197,"mx":788,"mh":45,"my":180},{"i":71,"mw":197,"mx":0,"mh":45,"my":225},{"i":72,"mw":197,"mx":197,"mh":45,"my":225},{"i":73,"mw":197,"mx":394,"mh":45,"my":225},{"i":74,"mw":197,"mx":591,"mh":45,"my":225},{"i":75,"mw":197,"mx":788,"mh":45,"my":225},{"i":76,"mw":197,"mx":0,"mh":45,"my":270},{"i":77,"mw":197,"mx":197,"mh":45,"my":270},{"i":78,"mw":197,"mx":394,"mh":45,"my":270},{"i":79,"mw":197,"mx":591,"mh":45,"my":270},{"i":80,"mw":197,"mx":788,"mh":45,"my":270},{"i":81,"mw":197,"mx":0,"mh":45,"my":315},{"i":82,"mw":197,"mx":197,"mh":45,"my":315},{"i":83,"mw":197,"mx":394,"mh":45,"my":315},{"i":84,"mw":197,"mx":394,"mh":45,"my":315},{"i":85,"mw":197,"mx":394,"mh":45,"my":315},{"i":86,"mw":197,"mx":394,"mh":45,"my":315},{"i":87,"mw":197,"mx":394,"mh":45,"my":315},{"i":88,"mw":197,"mx":394,"mh":45,"my":315},{"i":89,"mw":197,"mx":394,"mh":45,"my":315},{"i":90,"mw":197,"mx":394,"mh":45,"my":315},{"i":91,"mw":197,"mx":394,"mh":45,"my":315},{"i":92,"mw":197,"mx":394,"mh":45,"my":315},{"i":93,"mw":197,"mx":394,"mh":45,"my":315},{"i":94,"mw":197,"mx":394,"mh":45,"my":315},{"i":95,"mw":197,"mx":394,"mh":45,"my":315},{"i":96,"mw":197,"mx":394,"mh":45,"my":315},{"i":97,"mw":197,"mx":394,"mh":45,"my":315},{"i":98,"mw":197,"mx":394,"mh":45,"my":315},{"i":99,"mw":197,"mx":394,"mh":45,"my":315},{"i":100,"mw":197,"mx":394,"mh":45,"my":315},{"i":101,"mw":197,"mx":394,"mh":45,"my":315},{"i":102,"mw":197,"mx":394,"mh":45,"my":315},{"i":103,"mw":197,"mx":394,"mh":45,"my":315},{"i":104,"mw":197,"mx":394,"mh":45,"my":315},{"i":105,"mw":197,"mx":394,"mh":45,"my":315},{"i":106,"mw":197,"mx":394,"mh":45,"my":315},{"i":107,"mw":197,"mx":394,"mh":45,"my":315},{"i":108,"mw":197,"mx":591,"mh":45,"my":315},{"i":109,"mw":197,"mx":788,"mh":45,"my":315},{"i":110,"mw":197,"mx":0,"mh":45,"my":360},{"i":111,"mw":197,"mx":197,"mh":45,"my":360},{"i":112,"mw":197,"mx":394,"mh":45,"my":360},{"i":113,"mw":197,"mx":591,"mh":45,"my":360},{"i":114,"mw":197,"mx":788,"mh":45,"my":360},{"i":115,"mw":197,"mx":0,"mh":45,"my":405},{"i":116,"mw":197,"mx":197,"mh":45,"my":405},{"i":117,"mw":197,"mx":197,"mh":45,"my":405},{"i":118,"mw":197,"mx":197,"mh":45,"my":405},{"i":119,"mw":197,"mx":197,"mh":45,"my":405},{"i":120,"mw":197,"mx":197,"mh":45,"my":405},{"i":121,"mw":197,"mx":197,"mh":45,"my":405},{"i":122,"mw":197,"mx":197,"mh":45,"my":405},{"i":123,"mw":197,"mx":197,"mh":45,"my":405},{"i":124,"mw":197,"mx":197,"mh":45,"my":405},{"i":125,"mw":197,"mx":197,"mh":45,"my":405},{"i":126,"mw":197,"mx":197,"mh":45,"my":405},{"i":127,"mw":197,"mx":197,"mh":45,"my":405},{"i":128,"mw":197,"mx":197,"mh":45,"my":405},{"i":129,"mw":197,"mx":197,"mh":45,"my":405},{"i":130,"mw":197,"mx":197,"mh":45,"my":405},{"i":131,"mw":197,"mx":197,"mh":45,"my":405},{"i":132,"mw":197,"mx":197,"mh":45,"my":405},{"i":133,"mw":197,"mx":197,"mh":45,"my":405},{"i":134,"mw":197,"mx":197,"mh":45,"my":405},{"i":135,"mw":197,"mx":197,"mh":45,"my":405},{"i":136,"mw":197,"mx":197,"mh":45,"my":405},{"i":137,"mw":197,"mx":394,"mh":45,"my":405},{"i":138,"mw":197,"mx":591,"mh":45,"my":405},{"i":139,"mw":197,"mx":788,"mh":45,"my":405},{"i":140,"mw":197,"mx":0,"mh":45,"my":450},{"i":141,"mw":197,"mx":197,"mh":45,"my":450},{"i":142,"mw":197,"mx":394,"mh":45,"my":450},{"i":143,"mw":197,"mx":591,"mh":45,"my":450},{"i":144,"mw":197,"mx":788,"mh":45,"my":450},{"i":145,"mw":197,"mx":0,"mh":45,"my":495},{"i":146,"mw":197,"mx":197,"mh":45,"my":495},{"i":147,"mw":197,"mx":394,"mh":45,"my":495},{"i":148,"mw":197,"mx":591,"mh":45,"my":495},{"i":149,"mw":197,"mx":788,"mh":45,"my":495},{"i":150,"mw":197,"mx":0,"mh":45,"my":540},{"i":151,"mw":197,"mx":197,"mh":45,"my":540},{"i":152,"mw":197,"mx":394,"mh":45,"my":540},{"i":153,"mw":197,"mx":591,"mh":45,"my":540},{"i":154,"mw":197,"mx":788,"mh":45,"my":540},{"i":155,"mw":197,"mx":0,"mh":45,"my":585},{"i":156,"mw":197,"mx":197,"mh":45,"my":585},{"i":157,"mw":197,"mx":394,"mh":45,"my":585},{"i":158,"mw":197,"mx":591,"mh":45,"my":585},{"i":159,"mw":197,"mx":788,"mh":45,"my":585},{"i":160,"mw":197,"mx":0,"mh":45,"my":630},{"i":161,"mw":197,"mx":197,"mh":45,"my":630},{"i":162,"mw":197,"mx":394,"mh":45,"my":630},{"i":163,"mw":197,"mx":591,"mh":45,"my":630},{"i":164,"mw":197,"mx":788,"mh":45,"my":630},{"i":165,"mw":197,"mx":0,"mh":45,"my":675},{"i":166,"mw":197,"mx":197,"mh":45,"my":675},{"i":167,"mw":197,"mx":394,"mh":45,"my":675},{"i":168,"mw":197,"mx":591,"mh":45,"my":675},{"i":169,"mw":197,"mx":788,"mh":45,"my":675},{"i":170,"mw":197,"mx":0,"mh":45,"my":720},{"i":171,"mw":197,"mx":197,"mh":45,"my":720},{"i":172,"mw":197,"mx":394,"mh":45,"my":720},{"i":173,"mw":197,"mx":591,"mh":45,"my":720},{"i":174,"mw":197,"mx":788,"mh":45,"my":720},{"i":175,"mw":197,"mx":0,"mh":45,"my":765},{"i":176,"mw":197,"mx":197,"mh":45,"my":765},{"i":177,"mw":197,"mx":394,"mh":45,"my":765},{"i":178,"mw":197,"mx":591,"mh":45,"my":765},{"i":179,"mw":197,"mx":788,"mh":45,"my":765},{"i":180,"mw":197,"mx":0,"mh":45,"my":810},{"i":181,"mw":197,"mx":197,"mh":45,"my":810},{"i":182,"mw":197,"mx":394,"mh":45,"my":810},{"i":183,"mw":197,"mx":591,"mh":45,"my":810},{"i":184,"mw":197,"mx":788,"mh":45,"my":810},{"i":185,"mw":197,"mx":0,"mh":45,"my":855},{"i":186,"mw":197,"mx":197,"mh":45,"my":855},{"i":187,"mw":197,"mx":394,"mh":45,"my":855},{"i":188,"mw":197,"mx":591,"mh":45,"my":855}]},{"maskType":"srcOut","maskName":"textAnchorMask.png","w":1024,"h":506,"maskId":"textAnchorMask","frame":[{"i":39,"mw":197,"mx":0,"mh":46,"my":0},{"i":40,"mw":196,"mx":197,"mh":46,"my":0},{"i":41,"mw":197,"mx":393,"mh":46,"my":0},{"i":42,"mw":197,"mx":590,"mh":46,"my":0},{"i":43,"mw":197,"mx":787,"mh":46,"my":0},{"i":44,"mw":197,"mx":0,"mh":46,"my":46},{"i":45,"mw":198,"mx":197,"mh":46,"my":46},{"i":46,"mw":197,"mx":395,"mh":46,"my":46},{"i":47,"mw":198,"mx":592,"mh":46,"my":46},{"i":48,"mw":198,"mx":790,"mh":46,"my":46},{"i":49,"mw":197,"mx":0,"mh":46,"my":92},{"i":50,"mw":197,"mx":197,"mh":46,"my":92},{"i":51,"mw":197,"mx":394,"mh":46,"my":92},{"i":52,"mw":197,"mx":591,"mh":46,"my":92},{"i":53,"mw":197,"mx":788,"mh":46,"my":92},{"i":54,"mw":197,"mx":0,"mh":46,"my":138},{"i":55,"mw":197,"mx":197,"mh":46,"my":138},{"i":56,"mw":197,"mx":394,"mh":46,"my":138},{"i":57,"mw":197,"mx":591,"mh":46,"my":138},{"i":58,"mw":197,"mx":788,"mh":46,"my":138},{"i":59,"mw":197,"mx":0,"mh":46,"my":184},{"i":60,"mw":197,"mx":197,"mh":46,"my":184},{"i":61,"mw":197,"mx":394,"mh":46,"my":184},{"i":62,"mw":197,"mx":591,"mh":46,"my":184},{"i":63,"mw":197,"mx":788,"mh":46,"my":184},{"i":64,"mw":197,"mx":0,"mh":46,"my":230},{"i":65,"mw":197,"mx":197,"mh":46,"my":230},{"i":66,"mw":197,"mx":394,"mh":46,"my":230},{"i":67,"mw":197,"mx":591,"mh":46,"my":230},{"i":68,"mw":197,"mx":788,"mh":46,"my":230},{"i":69,"mw":197,"mx":0,"mh":46,"my":276},{"i":70,"mw":197,"mx":197,"mh":46,"my":276},{"i":71,"mw":197,"mx":394,"mh":46,"my":276},{"i":72,"mw":197,"mx":591,"mh":46,"my":276},{"i":73,"mw":197,"mx":788,"mh":46,"my":276},{"i":74,"mw":197,"mx":0,"mh":46,"my":322},{"i":75,"mw":197,"mx":197,"mh":46,"my":322},{"i":76,"mw":197,"mx":394,"mh":46,"my":322},{"i":77,"mw":197,"mx":591,"mh":46,"my":322},{"i":78,"mw":197,"mx":788,"mh":46,"my":322},{"i":79,"mw":197,"mx":0,"mh":46,"my":368},{"i":80,"mw":197,"mx":197,"mh":46,"my":368},{"i":81,"mw":197,"mx":394,"mh":46,"my":368},{"i":82,"mw":197,"mx":591,"mh":46,"my":368},{"i":83,"mw":197,"mx":788,"mh":46,"my":368},{"i":84,"mw":197,"mx":0,"mh":46,"my":414},{"i":85,"mw":197,"mx":0,"mh":46,"my":414},{"i":86,"mw":197,"mx":0,"mh":46,"my":414},{"i":87,"mw":197,"mx":0,"mh":46,"my":414},{"i":88,"mw":197,"mx":0,"mh":46,"my":414},{"i":89,"mw":197,"mx":0,"mh":46,"my":414},{"i":90,"mw":197,"mx":0,"mh":46,"my":414},{"i":91,"mw":197,"mx":0,"mh":46,"my":414},{"i":92,"mw":197,"mx":0,"mh":46,"my":414},{"i":93,"mw":197,"mx":0,"mh":46,"my":414},{"i":94,"mw":197,"mx":0,"mh":46,"my":414},{"i":95,"mw":197,"mx":0,"mh":46,"my":414},{"i":96,"mw":197,"mx":0,"mh":46,"my":414},{"i":97,"mw":197,"mx":0,"mh":46,"my":414},{"i":98,"mw":197,"mx":0,"mh":46,"my":414},{"i":99,"mw":197,"mx":0,"mh":46,"my":414},{"i":100,"mw":197,"mx":0,"mh":46,"my":414},{"i":101,"mw":197,"mx":0,"mh":46,"my":414},{"i":102,"mw":197,"mx":0,"mh":46,"my":414},{"i":103,"mw":197,"mx":0,"mh":46,"my":414},{"i":104,"mw":197,"mx":197,"mh":46,"my":414},{"i":105,"mw":197,"mx":394,"mh":46,"my":414},{"i":106,"mw":197,"mx":591,"mh":46,"my":414},{"i":107,"mw":197,"mx":788,"mh":46,"my":414},{"i":108,"mw":197,"mx":0,"mh":46,"my":460},{"i":109,"mw":197,"mx":197,"mh":46,"my":460},{"i":110,"mw":197,"mx":394,"mh":46,"my":460},{"i":111,"mw":197,"mx":394,"mh":46,"my":460},{"i":112,"mw":197,"mx":394,"mh":46,"my":460},{"i":113,"mw":197,"mx":394,"mh":46,"my":460},{"i":114,"mw":197,"mx":394,"mh":46,"my":460},{"i":115,"mw":197,"mx":394,"mh":46,"my":460},{"i":116,"mw":197,"mx":394,"mh":46,"my":460},{"i":117,"mw":197,"mx":394,"mh":46,"my":460},{"i":118,"mw":197,"mx":394,"mh":46,"my":460},{"i":119,"mw":197,"mx":394,"mh":46,"my":460},{"i":120,"mw":197,"mx":394,"mh":46,"my":460},{"i":121,"mw":197,"mx":394,"mh":46,"my":460},{"i":122,"mw":197,"mx":394,"mh":46,"my":460},{"i":123,"mw":197,"mx":394,"mh":46,"my":460},{"i":124,"mw":197,"mx":394,"mh":46,"my":460},{"i":125,"mw":197,"mx":394,"mh":46,"my":460},{"i":126,"mw":197,"mx":394,"mh":46,"my":460},{"i":127,"mw":197,"mx":394,"mh":46,"my":460},{"i":128,"mw":197,"mx":394,"mh":46,"my":460},{"i":129,"mw":197,"mx":394,"mh":46,"my":460},{"i":130,"mw":197,"mx":394,"mh":46,"my":460},{"i":131,"mw":197,"mx":394,"mh":46,"my":460},{"i":132,"mw":197,"mx":394,"mh":46,"my":460},{"i":133,"mw":197,"mx":394,"mh":46,"my":460},{"i":134,"mw":197,"mx":394,"mh":46,"my":460},{"i":135,"mw":197,"mx":394,"mh":46,"my":460},{"i":136,"mw":197,"mx":394,"mh":46,"my":460},{"i":137,"mw":197,"mx":394,"mh":46,"my":460},{"i":138,"mw":197,"mx":394,"mh":46,"my":460},{"i":139,"mw":197,"mx":394,"mh":46,"my":460},{"i":140,"mw":197,"mx":394,"mh":46,"my":460},{"i":141,"mw":197,"mx":394,"mh":46,"my":460},{"i":142,"mw":197,"mx":394,"mh":46,"my":460},{"i":143,"mw":197,"mx":394,"mh":46,"my":460},{"i":144,"mw":197,"mx":394,"mh":46,"my":460},{"i":145,"mw":197,"mx":394,"mh":46,"my":460},{"i":146,"mw":197,"mx":394,"mh":46,"my":460},{"i":147,"mw":197,"mx":394,"mh":46,"my":460},{"i":148,"mw":197,"mx":394,"mh":46,"my":460},{"i":149,"mw":197,"mx":394,"mh":46,"my":460},{"i":150,"mw":197,"mx":394,"mh":46,"my":460},{"i":151,"mw":197,"mx":394,"mh":46,"my":460},{"i":152,"mw":197,"mx":394,"mh":46,"my":460},{"i":153,"mw":197,"mx":394,"mh":46,"my":460},{"i":154,"mw":197,"mx":394,"mh":46,"my":460},{"i":155,"mw":197,"mx":394,"mh":46,"my":460},{"i":156,"mw":197,"mx":394,"mh":46,"my":460},{"i":157,"mw":197,"mx":394,"mh":46,"my":460},{"i":158,"mw":197,"mx":394,"mh":46,"my":460},{"i":159,"mw":197,"mx":394,"mh":46,"my":460},{"i":160,"mw":197,"mx":394,"mh":46,"my":460},{"i":161,"mw":197,"mx":394,"mh":46,"my":460},{"i":162,"mw":197,"mx":394,"mh":46,"my":460},{"i":163,"mw":197,"mx":394,"mh":46,"my":460},{"i":164,"mw":197,"mx":394,"mh":46,"my":460},{"i":165,"mw":197,"mx":394,"mh":46,"my":460},{"i":166,"mw":197,"mx":394,"mh":46,"my":460},{"i":167,"mw":197,"mx":394,"mh":46,"my":460},{"i":168,"mw":197,"mx":394,"mh":46,"my":460},{"i":169,"mw":197,"mx":394,"mh":46,"my":460},{"i":170,"mw":197,"mx":394,"mh":46,"my":460},{"i":171,"mw":197,"mx":394,"mh":46,"my":460},{"i":172,"mw":197,"mx":394,"mh":46,"my":460},{"i":173,"mw":197,"mx":394,"mh":46,"my":460},{"i":174,"mw":197,"mx":394,"mh":46,"my":460},{"i":175,"mw":197,"mx":394,"mh":46,"my":460},{"i":176,"mw":197,"mx":394,"mh":46,"my":460},{"i":177,"mw":197,"mx":394,"mh":46,"my":460},{"i":178,"mw":197,"mx":394,"mh":46,"my":460},{"i":179,"mw":197,"mx":394,"mh":46,"my":460},{"i":180,"mw":197,"mx":394,"mh":46,"my":460},{"i":181,"mw":197,"mx":394,"mh":46,"my":460},{"i":182,"mw":197,"mx":394,"mh":46,"my":460},{"i":183,"mw":197,"mx":394,"mh":46,"my":460},{"i":184,"mw":197,"mx":394,"mh":46,"my":460},{"i":185,"mw":197,"mx":394,"mh":46,"my":460},{"i":186,"mw":197,"mx":394,"mh":46,"my":460},{"i":187,"mw":197,"mx":394,"mh":46,"my":460},{"i":188,"mw":197,"mx":394,"mh":46,"my":460},{"i":189,"mw":196,"mx":591,"mh":46,"my":460}]},{"maskType":"srcMix","maskName":"imgAnchorMask.png","w":1024,"h":260,"maskId":"imgAnchorMask","frame":[{"i":22,"mw":6,"mx":0,"mh":31,"my":0},{"i":23,"mw":47,"mx":6,"mh":47,"my":0},{"i":24,"mw":48,"mx":53,"mh":51,"my":0},{"i":25,"mw":49,"mx":101,"mh":53,"my":0},{"i":26,"mw":51,"mx":150,"mh":55,"my":0},{"i":27,"mw":52,"mx":201,"mh":57,"my":0},{"i":28,"mw":54,"mx":253,"mh":58,"my":0},{"i":29,"mw":55,"mx":307,"mh":58,"my":0},{"i":30,"mw":56,"mx":362,"mh":59,"my":0},{"i":31,"mw":58,"mx":418,"mh":58,"my":0},{"i":32,"mw":60,"mx":476,"mh":59,"my":0},{"i":33,"mw":60,"mx":536,"mh":59,"my":0},{"i":34,"mw":61,"mx":596,"mh":60,"my":0},{"i":35,"mw":64,"mx":657,"mh":61,"my":0},{"i":36,"mw":65,"mx":721,"mh":61,"my":0},{"i":37,"mw":66,"mx":786,"mh":60,"my":0},{"i":38,"mw":67,"mx":852,"mh":59,"my":0},{"i":39,"mw":67,"mx":919,"mh":58,"my":0},{"i":40,"mw":67,"mx":0,"mh":57,"my":61},{"i":41,"mw":67,"mx":67,"mh":57,"my":61},{"i":42,"mw":66,"mx":134,"mh":58,"my":61},{"i":43,"mw":67,"mx":200,"mh":57,"my":61},{"i":44,"mw":67,"mx":267,"mh":58,"my":61},{"i":45,"mw":66,"mx":334,"mh":58,"my":61},{"i":46,"mw":66,"mx":400,"mh":59,"my":61},{"i":47,"mw":66,"mx":466,"mh":61,"my":61},{"i":48,"mw":66,"mx":532,"mh":61,"my":61},{"i":49,"mw":65,"mx":598,"mh":59,"my":61},{"i":50,"mw":66,"mx":663,"mh":57,"my":61},{"i":51,"mw":65,"mx":729,"mh":57,"my":61},{"i":52,"mw":66,"mx":794,"mh":58,"my":61},{"i":53,"mw":65,"mx":860,"mh":59,"my":61},{"i":54,"mw":65,"mx":925,"mh":59,"my":61},{"i":55,"mw":64,"mx":0,"mh":59,"my":122},{"i":56,"mw":64,"mx":64,"mh":60,"my":122},{"i":57,"mw":63,"mx":128,"mh":59,"my":122},{"i":58,"mw":61,"mx":191,"mh":60,"my":122},{"i":59,"mw":59,"mx":252,"mh":60,"my":122},{"i":60,"mw":59,"mx":311,"mh":60,"my":122},{"i":61,"mw":58,"mx":370,"mh":60,"my":122},{"i":62,"mw":57,"mx":428,"mh":60,"my":122},{"i":63,"mw":57,"mx":485,"mh":60,"my":122},{"i":64,"mw":57,"mx":542,"mh":61,"my":122},{"i":65,"mw":57,"mx":599,"mh":60,"my":122},{"i":66,"mw":57,"mx":656,"mh":61,"my":122},{"i":67,"mw":57,"mx":713,"mh":60,"my":122},{"i":68,"mw":57,"mx":770,"mh":61,"my":122},{"i":69,"mw":57,"mx":827,"mh":61,"my":122},{"i":70,"mw":56,"mx":884,"mh":60,"my":122},{"i":71,"mw":57,"mx":940,"mh":60,"my":122},{"i":72,"mw":56,"mx":0,"mh":60,"my":183},{"i":73,"mw":57,"mx":56,"mh":61,"my":183},{"i":74,"mw":57,"mx":113,"mh":61,"my":183},{"i":75,"mw":57,"mx":170,"mh":60,"my":183},{"i":76,"mw":57,"mx":227,"mh":60,"my":183},{"i":77,"mw":56,"mx":284,"mh":60,"my":183},{"i":78,"mw":57,"mx":340,"mh":62,"my":183},{"i":79,"mw":59,"mx":397,"mh":63,"my":183},{"i":80,"mw":63,"mx":456,"mh":68,"my":183},{"i":81,"mw":68,"mx":519,"mh":77,"my":183}]},{"maskType":"srcMix","maskName":"imgUserMask.png","w":1024,"h":392,"maskId":"imgUserMask","frame":[{"i":23,"mw":18,"mx":0,"mh":54,"my":0},{"i":24,"mw":59,"mx":18,"mh":62,"my":0},{"i":25,"mw":63,"mx":77,"mh":65,"my":0},{"i":26,"mw":66,"mx":140,"mh":67,"my":0},{"i":27,"mw":71,"mx":206,"mh":69,"my":0},{"i":28,"mw":75,"mx":277,"mh":71,"my":0},{"i":29,"mw":79,"mx":352,"mh":71,"my":0},{"i":30,"mw":82,"mx":431,"mh":71,"my":0},{"i":31,"mw":83,"mx":513,"mh":71,"my":0},{"i":32,"mw":84,"mx":596,"mh":71,"my":0},{"i":33,"mw":84,"mx":680,"mh":71,"my":0},{"i":34,"mw":84,"mx":764,"mh":72,"my":0},{"i":35,"mw":85,"mx":848,"mh":73,"my":0},{"i":36,"mw":85,"mx":933,"mh":73,"my":0},{"i":37,"mw":86,"mx":0,"mh":72,"my":73},{"i":38,"mw":85,"mx":86,"mh":72,"my":73},{"i":39,"mw":86,"mx":171,"mh":71,"my":73},{"i":40,"mw":86,"mx":257,"mh":71,"my":73},{"i":41,"mw":86,"mx":343,"mh":71,"my":73},{"i":42,"mw":85,"mx":429,"mh":71,"my":73},{"i":43,"mw":85,"mx":514,"mh":71,"my":73},{"i":44,"mw":85,"mx":599,"mh":72,"my":73},{"i":45,"mw":85,"mx":684,"mh":72,"my":73},{"i":46,"mw":85,"mx":769,"mh":72,"my":73},{"i":47,"mw":85,"mx":854,"mh":73,"my":73},{"i":48,"mw":84,"mx":939,"mh":72,"my":73},{"i":49,"mw":84,"mx":0,"mh":72,"my":146},{"i":50,"mw":84,"mx":84,"mh":72,"my":146},{"i":51,"mw":84,"mx":168,"mh":72,"my":146},{"i":52,"mw":84,"mx":252,"mh":72,"my":146},{"i":53,"mw":84,"mx":336,"mh":72,"my":146},{"i":54,"mw":84,"mx":420,"mh":72,"my":146},{"i":55,"mw":84,"mx":504,"mh":72,"my":146},{"i":56,"mw":84,"mx":588,"mh":72,"my":146},{"i":57,"mw":84,"mx":672,"mh":72,"my":146},{"i":58,"mw":83,"mx":756,"mh":72,"my":146},{"i":59,"mw":81,"mx":839,"mh":71,"my":146},{"i":60,"mw":79,"mx":920,"mh":72,"my":146},{"i":61,"mw":76,"mx":0,"mh":72,"my":218},{"i":62,"mw":72,"mx":76,"mh":72,"my":218},{"i":63,"mw":71,"mx":148,"mh":73,"my":218},{"i":64,"mw":69,"mx":219,"mh":72,"my":218},{"i":65,"mw":70,"mx":288,"mh":73,"my":218},{"i":66,"mw":70,"mx":358,"mh":72,"my":218},{"i":67,"mw":70,"mx":428,"mh":73,"my":218},{"i":68,"mw":69,"mx":498,"mh":73,"my":218},{"i":69,"mw":69,"mx":567,"mh":73,"my":218},{"i":70,"mw":69,"mx":636,"mh":73,"my":218},{"i":71,"mw":70,"mx":705,"mh":73,"my":218},{"i":72,"mw":69,"mx":775,"mh":73,"my":218},{"i":73,"mw":69,"mx":844,"mh":73,"my":218},{"i":74,"mw":69,"mx":913,"mh":73,"my":218},{"i":75,"mw":70,"mx":0,"mh":73,"my":291},{"i":76,"mw":70,"mx":70,"mh":73,"my":291},{"i":77,"mw":70,"mx":140,"mh":73,"my":291},{"i":78,"mw":73,"mx":210,"mh":77,"my":291},{"i":79,"mw":74,"mx":283,"mh":81,"my":291},{"i":80,"mw":78,"mx":357,"mh":88,"my":291},{"i":81,"mw":84,"mx":435,"mh":101,"my":291}]}],"frame":[{"obj":[{"a":51,"srcId":"textUser","w":197,"x":82,"h":45,"i":39,"y":499,"maskId":"textUserMask","z":3},{"a":92,"srcId":"textAnchor","w":197,"x":494,"h":46,"i":39,"y":652,"maskId":"textAnchorMask","z":2},{"a":142,"srcId":"imgAnchor","w":67,"x":377,"h":58,"i":39,"y":709,"maskId":"imgAnchorMask","z":1},{"a":136,"srcId":"imgUser","w":86,"x":458,"h":71,"i":39,"y":697,"maskId":"imgUserMask","z":0}],"i":39},{"obj":[{"a":102,"srcId":"textUser","w":197,"x":109,"h":45,"i":40,"y":499,"maskId":"textUserMask","z":3},{"a":162,"srcId":"textAnchor","w":196,"x":466,"h":46,"i":40,"y":652,"maskId":"textAnchorMask","z":2},{"a":141,"srcId":"imgAnchor","w":67,"x":378,"h":57,"i":40,"y":709,"maskId":"imgAnchorMask","z":1},{"a":135,"srcId":"imgUser","w":86,"x":459,"h":71,"i":40,"y":697,"maskId":"imgUserMask","z":0}],"i":40},{"obj":[{"a":152,"srcId":"textUser","w":197,"x":137,"h":45,"i":41,"y":499,"maskId":"textUserMask","z":3},{"a":213,"srcId":"textAnchor","w":197,"x":437,"h":46,"i":41,"y":652,"maskId":"textAnchorMask","z":2},{"a":140,"srcId":"imgAnchor","w":67,"x":379,"h":57,"i":41,"y":709,"maskId":"imgAnchorMask","z":1},{"a":135,"srcId":"imgUser","w":86,"x":460,"h":71,"i":41,"y":696,"maskId":"imgUserMask","z":0}],"i":41},{"obj":[{"a":203,"srcId":"textUser","w":197,"x":164,"h":45,"i":42,"y":499,"maskId":"textUserMask","z":3},{"a":244,"srcId":"textAnchor","w":197,"x":409,"h":46,"i":42,"y":652,"maskId":"textAnchorMask","z":2},{"a":143,"srcId":"imgAnchor","w":66,"x":380,"h":58,"i":42,"y":708,"maskId":"imgAnchorMask","z":1},{"a":134,"srcId":"imgUser","w":85,"x":462,"h":71,"i":42,"y":695,"maskId":"imgUserMask","z":0}],"i":42},{"obj":[{"a":254,"srcId":"textUser","w":198,"x":189,"h":45,"i":43,"y":499,"maskId":"textUserMask","z":3},{"a":254,"srcId":"textAnchor","w":197,"x":382,"h":46,"i":43,"y":652,"maskId":"textAnchorMask","z":2},{"a":144,"srcId":"imgAnchor","w":67,"x":381,"h":57,"i":43,"y":708,"maskId":"imgAnchorMask","z":1},{"a":134,"srcId":"imgUser","w":85,"x":464,"h":71,"i":43,"y":694,"maskId":"imgUserMask","z":0}],"i":43},{"obj":[{"a":254,"srcId":"textUser","w":198,"x":213,"h":45,"i":44,"y":499,"maskId":"textUserMask","z":3},{"a":254,"srcId":"textAnchor","w":197,"x":357,"h":46,"i":44,"y":652,"maskId":"textAnchorMask","z":2},{"a":145,"srcId":"imgAnchor","w":67,"x":382,"h":58,"i":44,"y":707,"maskId":"imgAnchorMask","z":1},{"a":134,"srcId":"imgUser","w":85,"x":465,"h":72,"i":44,"y":692,"maskId":"imgUserMask","z":0}],"i":44},{"obj":[{"a":254,"srcId":"textUser","w":198,"x":235,"h":45,"i":45,"y":499,"maskId":"textUserMask","z":3},{"a":254,"srcId":"textAnchor","w":198,"x":334,"h":46,"i":45,"y":652,"maskId":"textAnchorMask","z":2},{"a":145,"srcId":"imgAnchor","w":66,"x":384,"h":58,"i":45,"y":706,"maskId":"imgAnchorMask","z":1},{"a":134,"srcId":"imgUser","w":85,"x":467,"h":72,"i":45,"y":691,"maskId":"imgUserMask","z":0}],"i":45},{"obj":[{"a":254,"srcId":"textUser","w":197,"x":254,"h":45,"i":46,"y":499,"maskId":"textUserMask","z":3},{"a":254,"srcId":"textAnchor","w":197,"x":315,"h":46,"i":46,"y":652,"maskId":"textAnchorMask","z":2},{"a":142,"srcId":"imgAnchor","w":66,"x":385,"h":59,"i":46,"y":704,"maskId":"imgAnchorMask","z":1},{"a":135,"srcId":"imgUser","w":85,"x":469,"h":72,"i":46,"y":690,"maskId":"imgUserMask","z":0}],"i":46},{"obj":[{"a":254,"srcId":"textUser","w":198,"x":269,"h":45,"i":47,"y":499,"maskId":"textUserMask","z":3},{"a":254,"srcId":"textAnchor","w":198,"x":299,"h":46,"i":47,"y":652,"maskId":"textAnchorMask","z":2},{"a":137,"srcId":"imgAnchor","w":66,"x":386,"h":61,"i":47,"y":700,"maskId":"imgAnchorMask","z":1},{"a":135,"srcId":"imgUser","w":85,"x":470,"h":73,"i":47,"y":688,"maskId":"imgUserMask","z":0}],"i":47},{"obj":[{"a":254,"srcId":"textUser","w":197,"x":280,"h":45,"i":48,"y":499,"maskId":"textUserMask","z":3},{"a":254,"srcId":"textAnchor","w":198,"x":288,"h":46,"i":48,"y":652,"maskId":"textAnchorMask","z":2},{"a":134,"srcId":"imgAnchor","w":66,"x":386,"h":61,"i":48,"y":697,"maskId":"imgAnchorMask","z":1},{"a":137,"srcId":"imgUser","w":84,"x":472,"h":72,"i":48,"y":687,"maskId":"imgUserMask","z":0}],"i":48},{"obj":[{"a":254,"srcId":"textUser","w":197,"x":284,"h":45,"i":49,"y":499,"maskId":"textUserMask","z":3},{"a":254,"srcId":"textAnchor","w":197,"x":284,"h":46,"i":49,"y":652,"maskId":"textAnchorMask","z":2},{"a":133,"srcId":"imgAnchor","w":65,"x":387,"h":59,"i":49,"y":696,"maskId":"imgAnchorMask","z":1},{"a":137,"srcId":"imgUser","w":84,"x":473,"h":72,"i":49,"y":686,"maskId":"imgUserMask","z":0}],"i":49},{"obj":[{"a":254,"srcId":"textUser","w":197,"x":284,"h":45,"i":50,"y":499,"maskId":"textUserMask","z":3},{"a":254,"srcId":"textAnchor","w":197,"x":284,"h":46,"i":50,"y":652,"maskId":"textAnchorMask","z":2},{"a":131,"srcId":"imgAnchor","w":66,"x":387,"h":57,"i":50,"y":697,"maskId":"imgAnchorMask","z":1},{"a":139,"srcId":"imgUser","w":84,"x":474,"h":72,"i":50,"y":685,"maskId":"imgUserMask","z":0}],"i":50},{"obj":[{"a":254,"srcId":"textUser","w":197,"x":284,"h":45,"i":51,"y":499,"maskId":"textUserMask","z":3},{"a":254,"srcId":"textAnchor","w":197,"x":284,"h":46,"i":51,"y":652,"maskId":"textAnchorMask","z":2},{"a":132,"srcId":"imgAnchor","w":65,"x":388,"h":57,"i":51,"y":697,"maskId":"imgAnchorMask","z":1},{"a":139,"srcId":"imgUser","w":84,"x":475,"h":72,"i":51,"y":685,"maskId":"imgUserMask","z":0}],"i":51},{"obj":[{"a":254,"srcId":"textUser","w":197,"x":284,"h":45,"i":52,"y":499,"maskId":"textUserMask","z":3},{"a":254,"srcId":"textAnchor","w":197,"x":284,"h":46,"i":52,"y":652,"maskId":"textAnchorMask","z":2},{"a":133,"srcId":"imgAnchor","w":66,"x":388,"h":58,"i":52,"y":696,"maskId":"imgAnchorMask","z":1},{"a":140,"srcId":"imgUser","w":84,"x":475,"h":72,"i":52,"y":684,"maskId":"imgUserMask","z":0}],"i":52},{"obj":[{"a":254,"srcId":"textUser","w":197,"x":284,"h":45,"i":53,"y":499,"maskId":"textUserMask","z":3},{"a":254,"srcId":"textAnchor","w":197,"x":284,"h":46,"i":53,"y":652,"maskId":"textAnchorMask","z":2},{"a":138,"srcId":"imgAnchor","w":65,"x":389,"h":59,"i":53,"y":696,"maskId":"imgAnchorMask","z":1},{"a":141,"srcId":"imgUser","w":84,"x":475,"h":72,"i":53,"y":684,"maskId":"imgUserMask","z":0}],"i":53},{"obj":[{"a":254,"srcId":"textUser","w":197,"x":284,"h":45,"i":54,"y":499,"maskId":"textUserMask","z":3},{"a":254,"srcId":"textAnchor","w":197,"x":284,"h":46,"i":54,"y":652,"maskId":"textAnchorMask","z":2},{"a":143,"srcId":"imgAnchor","w":65,"x":390,"h":59,"i":54,"y":696,"maskId":"imgAnchorMask","z":1},{"a":141,"srcId":"imgUser","w":84,"x":475,"h":72,"i":54,"y":684,"maskId":"imgUserMask","z":0}],"i":54},{"obj":[{"a":254,"srcId":"textUser","w":197,"x":284,"h":45,"i":55,"y":499,"maskId":"textUserMask","z":3},{"a":254,"srcId":"textAnchor","w":197,"x":284,"h":46,"i":55,"y":652,"maskId":"textAnchorMask","z":2},{"a":150,"srcId":"imgAnchor","w":64,"x":391,"h":59,"i":55,"y":696,"maskId":"imgAnchorMask","z":1},{"a":139,"srcId":"imgUser","w":84,"x":475,"h":72,"i":55,"y":684,"maskId":"imgUserMask","z":0}],"i":55},{"obj":[{"a":254,"srcId":"textUser","w":197,"x":284,"h":45,"i":56,"y":499,"maskId":"textUserMask","z":3},{"a":254,"srcId":"textAnchor","w":197,"x":284,"h":46,"i":56,"y":652,"maskId":"textAnchorMask","z":2},{"a":156,"srcId":"imgAnchor","w":64,"x":392,"h":60,"i":56,"y":696,"maskId":"imgAnchorMask","z":1},{"a":136,"srcId":"imgUser","w":84,"x":475,"h":72,"i":56,"y":684,"maskId":"imgUserMask","z":0}],"i":56},{"obj":[{"a":254,"srcId":"textUser","w":197,"x":284,"h":45,"i":57,"y":499,"maskId":"textUserMask","z":3},{"a":254,"srcId":"textAnchor","w":197,"x":284,"h":46,"i":57,"y":652,"maskId":"textAnchorMask","z":2},{"a":158,"srcId":"imgAnchor","w":63,"x":393,"h":59,"i":57,"y":697,"maskId":"imgAnchorMask","z":1},{"a":141,"srcId":"imgUser","w":84,"x":475,"h":72,"i":57,"y":684,"maskId":"imgUserMask","z":0}],"i":57},{"obj":[{"a":254,"srcId":"textUser","w":197,"x":284,"h":45,"i":58,"y":499,"maskId":"textUserMask","z":3},{"a":254,"srcId":"textAnchor","w":197,"x":284,"h":46,"i":58,"y":652,"maskId":"textAnchorMask","z":2},{"a":155,"srcId":"imgAnchor","w":61,"x":394,"h":60,"i":58,"y":697,"maskId":"imgAnchorMask","z":1},{"a":142,"srcId":"imgUser","w":83,"x":475,"h":72,"i":58,"y":684,"maskId":"imgUserMask","z":0}],"i":58},{"obj":[{"a":254,"srcId":"textUser","w":197,"x":284,"h":45,"i":59,"y":499,"maskId":"textUserMask","z":3},{"a":254,"srcId":"textAnchor","w":197,"x":284,"h":46,"i":59,"y":652,"maskId":"textAnchorMask","z":2},{"a":147,"srcId":"imgAnchor","w":59,"x":395,"h":60,"i":59,"y":697,"maskId":"imgAnchorMask","z":1},{"a":138,"srcId":"imgUser","w":81,"x":476,"h":71,"i":59,"y":685,"maskId":"imgUserMask","z":0}],"i":59},{"obj":[{"a":254,"srcId":"textUser","w":197,"x":284,"h":45,"i":60,"y":499,"maskId":"textUserMask","z":3},{"a":254,"srcId":"textAnchor","w":197,"x":284,"h":46,"i":60,"y":652,"maskId":"textAnchorMask","z":2},{"a":139,"srcId":"imgAnchor","w":59,"x":395,"h":60,"i":60,"y":698,"maskId":"imgAnchorMask","z":1},{"a":133,"srcId":"imgUser","w":79,"x":476,"h":72,"i":60,"y":685,"maskId":"imgUserMask","z":0}],"i":60},{"obj":[{"a":254,"srcId":"textUser","w":197,"x":284,"h":45,"i":61,"y":499,"maskId":"textUserMask","z":3},{"a":254,"srcId":"textAnchor","w":197,"x":284,"h":46,"i":61,"y":652,"maskId":"textAnchorMask","z":2},{"a":134,"srcId":"imgAnchor","w":58,"x":395,"h":60,"i":61,"y":698,"maskId":"imgAnchorMask","z":1},{"a":133,"srcId":"imgUser","w":76,"x":476,"h":72,"i":61,"y":685,"maskId":"imgUserMask","z":0}],"i":61},{"obj":[{"a":254,"srcId":"textUser","w":197,"x":284,"h":45,"i":62,"y":499,"maskId":"textUserMask","z":3},{"a":254,"srcId":"textAnchor","w":197,"x":284,"h":46,"i":62,"y":652,"maskId":"textAnchorMask","z":2},{"a":133,"srcId":"imgAnchor","w":57,"x":395,"h":60,"i":62,"y":699,"maskId":"imgAnchorMask","z":1},{"a":132,"srcId":"imgUser","w":72,"x":477,"h":72,"i":62,"y":685,"maskId":"imgUserMask","z":0}],"i":62},{"obj":[{"a":254,"srcId":"textUser","w":197,"x":284,"h":45,"i":63,"y":499,"maskId":"textUserMask","z":3},{"a":254,"srcId":"textAnchor","w":197,"x":284,"h":46,"i":63,"y":652,"maskId":"textAnchorMask","z":2},{"a":132,"srcId":"imgAnchor","w":57,"x":394,"h":60,"i":63,"y":699,"maskId":"imgAnchorMask","z":1},{"a":132,"srcId":"imgUser","w":71,"x":476,"h":73,"i":63,"y":685,"maskId":"imgUserMask","z":0}],"i":63},{"obj":[{"a":254,"srcId":"textUser","w":197,"x":284,"h":45,"i":64,"y":499,"maskId":"textUserMask","z":3},{"a":254,"srcId":"textAnchor","w":197,"x":284,"h":46,"i":64,"y":652,"maskId":"textAnchorMask","z":2},{"a":132,"srcId":"imgAnchor","w":57,"x":393,"h":61,"i":64,"y":699,"maskId":"imgAnchorMask","z":1},{"a":133,"srcId":"imgUser","w":69,"x":476,"h":72,"i":64,"y":686,"maskId":"imgUserMask","z":0}],"i":64},{"obj":[{"a":254,"srcId":"textUser","w":197,"x":284,"h":45,"i":65,"y":499,"maskId":"textUserMask","z":3},{"a":254,"srcId":"textAnchor","w":197,"x":284,"h":46,"i":65,"y":652,"maskId":"textAnchorMask","z":2},{"a":131,"srcId":"imgAnchor","w":57,"x":391,"h":60,"i":65,"y":700,"maskId":"imgAnchorMask","z":1},{"a":132,"srcId":"imgUser","w":70,"x":474,"h":73,"i":65,"y":686,"maskId":"imgUserMask","z":0}],"i":65},{"obj":[{"a":254,"srcId":"textUser","w":197,"x":284,"h":45,"i":66,"y":499,"maskId":"textUserMask","z":3},{"a":254,"srcId":"textAnchor","w":197,"x":284,"h":46,"i":66,"y":652,"maskId":"textAnchorMask","z":2},{"a":130,"srcId":"imgAnchor","w":57,"x":390,"h":61,"i":66,"y":700,"maskId":"imgAnchorMask","z":1},{"a":133,"srcId":"imgUser","w":70,"x":473,"h":72,"i":66,"y":687,"maskId":"imgUserMask","z":0}],"i":66},{"obj":[{"a":254,"srcId":"textUser","w":197,"x":284,"h":45,"i":67,"y":499,"maskId":"textUserMask","z":3},{"a":254,"srcId":"textAnchor","w":197,"x":284,"h":46,"i":67,"y":652,"maskId":"textAnchorMask","z":2},{"a":130,"srcId":"imgAnchor","w":57,"x":388,"h":60,"i":67,"y":701,"maskId":"imgAnchorMask","z":1},{"a":133,"srcId":"imgUser","w":70,"x":471,"h":73,"i":67,"y":687,"maskId":"imgUserMask","z":0}],"i":67},{"obj":[{"a":254,"srcId":"textUser","w":197,"x":284,"h":45,"i":68,"y":499,"maskId":"textUserMask","z":3},{"a":254,"srcId":"textAnchor","w":197,"x":284,"h":46,"i":68,"y":652,"maskId":"textAnchorMask","z":2},{"a":129,"srcId":"imgAnchor","w":57,"x":387,"h":61,"i":68,"y":701,"maskId":"imgAnchorMask","z":1},{"a":133,"srcId":"imgUser","w":69,"x":470,"h":73,"i":68,"y":688,"maskId":"imgUserMask","z":0}],"i":68},{"obj":[{"a":254,"srcId":"textUser","w":197,"x":284,"h":45,"i":69,"y":499,"maskId":"textUserMask","z":3},{"a":254,"srcId":"textAnchor","w":197,"x":284,"h":46,"i":69,"y":652,"maskId":"textAnchorMask","z":2},{"a":129,"srcId":"imgAnchor","w":57,"x":385,"h":61,"i":69,"y":702,"maskId":"imgAnchorMask","z":1},{"a":132,"srcId":"imgUser","w":69,"x":468,"h":73,"i":69,"y":689,"maskId":"imgUserMask","z":0}],"i":69},{"obj":[{"a":254,"srcId":"textUser","w":197,"x":284,"h":45,"i":70,"y":499,"maskId":"textUserMask","z":3},{"a":254,"srcId":"textAnchor","w":197,"x":284,"h":46,"i":70,"y":652,"maskId":"textAnchorMask","z":2},{"a":128,"srcId":"imgAnchor","w":56,"x":383,"h":60,"i":70,"y":703,"maskId":"imgAnchorMask","z":1},{"a":133,"srcId":"imgUser","w":69,"x":466,"h":73,"i":70,"y":689,"maskId":"imgUserMask","z":0}],"i":70},{"obj":[{"a":254,"srcId":"textUser","w":197,"x":284,"h":45,"i":71,"y":499,"maskId":"textUserMask","z":3},{"a":254,"srcId":"textAnchor","w":197,"x":284,"h":46,"i":71,"y":652,"maskId":"textAnchorMask","z":2},{"a":129,"srcId":"imgAnchor","w":57,"x":380,"h":60,"i":71,"y":704,"maskId":"imgAnchorMask","z":1},{"a":132,"srcId":"imgUser","w":70,"x":463,"h":73,"i":71,"y":690,"maskId":"imgUserMask","z":0}],"i":71},{"obj":[{"a":254,"srcId":"textUser","w":197,"x":284,"h":45,"i":72,"y":499,"maskId":"textUserMask","z":3},{"a":254,"srcId":"textAnchor","w":197,"x":284,"h":46,"i":72,"y":652,"maskId":"textAnchorMask","z":2},{"a":128,"srcId":"imgAnchor","w":56,"x":378,"h":60,"i":72,"y":705,"maskId":"imgAnchorMask","z":1},{"a":131,"srcId":"imgUser","w":69,"x":461,"h":73,"i":72,"y":691,"maskId":"imgUserMask","z":0}],"i":72},{"obj":[{"a":254,"srcId":"textUser","w":197,"x":284,"h":45,"i":73,"y":499,"maskId":"textUserMask","z":3},{"a":254,"srcId":"textAnchor","w":197,"x":284,"h":46,"i":73,"y":652,"maskId":"textAnchorMask","z":2},{"a":128,"srcId":"imgAnchor","w":57,"x":375,"h":61,"i":73,"y":705,"maskId":"imgAnchorMask","z":1},{"a":131,"srcId":"imgUser","w":69,"x":458,"h":73,"i":73,"y":692,"maskId":"imgUserMask","z":0}],"i":73},{"obj":[{"a":254,"srcId":"textUser","w":197,"x":284,"h":45,"i":74,"y":499,"maskId":"textUserMask","z":3},{"a":254,"srcId":"textAnchor","w":197,"x":284,"h":46,"i":74,"y":652,"maskId":"textAnchorMask","z":2},{"a":127,"srcId":"imgAnchor","w":57,"x":372,"h":61,"i":74,"y":706,"maskId":"imgAnchorMask","z":1},{"a":130,"srcId":"imgUser","w":69,"x":455,"h":73,"i":74,"y":693,"maskId":"imgUserMask","z":0}],"i":74},{"obj":[{"a":254,"srcId":"textUser","w":197,"x":284,"h":45,"i":75,"y":499,"maskId":"textUserMask","z":3},{"a":254,"srcId":"textAnchor","w":197,"x":284,"h":46,"i":75,"y":652,"maskId":"textAnchorMask","z":2},{"a":127,"srcId":"imgAnchor","w":57,"x":368,"h":60,"i":75,"y":708,"maskId":"imgAnchorMask","z":1},{"a":129,"srcId":"imgUser","w":70,"x":451,"h":73,"i":75,"y":694,"maskId":"imgUserMask","z":0}],"i":75},{"obj":[{"a":254,"srcId":"textUser","w":197,"x":284,"h":45,"i":76,"y":499,"maskId":"textUserMask","z":3},{"a":254,"srcId":"textAnchor","w":197,"x":284,"h":46,"i":76,"y":652,"maskId":"textAnchorMask","z":2},{"a":127,"srcId":"imgAnchor","w":57,"x":365,"h":60,"i":76,"y":709,"maskId":"imgAnchorMask","z":1},{"a":128,"srcId":"imgUser","w":70,"x":448,"h":73,"i":76,"y":695,"maskId":"imgUserMask","z":0}],"i":76},{"obj":[{"a":254,"srcId":"textUser","w":197,"x":284,"h":45,"i":77,"y":499,"maskId":"textUserMask","z":3},{"a":254,"srcId":"textAnchor","w":197,"x":284,"h":46,"i":77,"y":652,"maskId":"textAnchorMask","z":2},{"a":126,"srcId":"imgAnchor","w":56,"x":361,"h":60,"i":77,"y":710,"maskId":"imgAnchorMask","z":1},{"a":127,"srcId":"imgUser","w":70,"x":444,"h":73,"i":77,"y":697,"maskId":"imgUserMask","z":0}],"i":77},{"obj":[{"a":254,"srcId":"textUser","w":197,"x":284,"h":45,"i":78,"y":499,"maskId":"textUserMask","z":3},{"a":254,"srcId":"textAnchor","w":197,"x":284,"h":46,"i":78,"y":652,"maskId":"textAnchorMask","z":2},{"a":126,"srcId":"imgAnchor","w":57,"x":356,"h":62,"i":78,"y":712,"maskId":"imgAnchorMask","z":1},{"a":133,"srcId":"imgUser","w":73,"x":440,"h":77,"i":78,"y":700,"maskId":"imgUserMask","z":0}],"i":78},{"obj":[{"a":254,"srcId":"textUser","w":197,"x":284,"h":45,"i":79,"y":499,"maskId":"textUserMask","z":3},{"a":254,"srcId":"textAnchor","w":197,"x":284,"h":46,"i":79,"y":652,"maskId":"textAnchorMask","z":2},{"a":124,"srcId":"imgAnchor","w":59,"x":322,"h":63,"i":79,"y":724,"maskId":"imgAnchorMask","z":1},{"a":133,"srcId":"imgUser","w":74,"x":407,"h":81,"i":79,"y":711,"maskId":"imgUserMask","z":0}],"i":79},{"obj":[{"a":254,"srcId":"textUser","w":197,"x":284,"h":45,"i":80,"y":499,"maskId":"textUserMask","z":3},{"a":254,"srcId":"textAnchor","w":197,"x":284,"h":46,"i":80,"y":652,"maskId":"textAnchorMask","z":2},{"a":120,"srcId":"imgAnchor","w":63,"x":226,"h":68,"i":80,"y":753,"maskId":"imgAnchorMask","z":1},{"a":132,"srcId":"imgUser","w":78,"x":315,"h":88,"i":80,"y":740,"maskId":"imgUserMask","z":0}],"i":80},{"obj":[{"a":254,"srcId":"textUser","w":197,"x":284,"h":45,"i":81,"y":499,"maskId":"textUserMask","z":3},{"a":254,"srcId":"textAnchor","w":197,"x":284,"h":46,"i":81,"y":652,"maskId":"textAnchorMask","z":2},{"a":120,"srcId":"imgAnchor","w":68,"x":56,"h":77,"i":81,"y":804,"maskId":"imgAnchorMask","z":1},{"a":130,"srcId":"imgUser","w":84,"x":151,"h":101,"i":81,"y":792,"maskId":"imgUserMask","z":0}],"i":81},{"obj":[{"a":254,"srcId":"textUser","w":197,"x":284,"h":45,"i":82,"y":499,"maskId":"textUserMask","z":3},{"a":254,"srcId":"textAnchor","w":197,"x":284,"h":46,"i":82,"y":652,"maskId":"textAnchorMask","z":2}],"i":82},{"obj":[{"a":254,"srcId":"textUser","w":197,"x":284,"h":45,"i":83,"y":499,"maskId":"textUserMask","z":3},{"a":254,"srcId":"textAnchor","w":197,"x":284,"h":46,"i":83,"y":652,"maskId":"textAnchorMask","z":2}],"i":83},{"obj":[{"a":254,"srcId":"textUser","w":197,"x":284,"h":45,"i":84,"y":499,"maskId":"textUserMask","z":3},{"a":254,"srcId":"textAnchor","w":197,"x":284,"h":46,"i":84,"y":652,"maskId":"textAnchorMask","z":2}],"i":84},{"obj":[{"a":254,"srcId":"textUser","w":197,"x":284,"h":45,"i":85,"y":499,"maskId":"textUserMask","z":3},{"a":254,"srcId":"textAnchor","w":197,"x":284,"h":46,"i":85,"y":652,"maskId":"textAnchorMask","z":2}],"i":85},{"obj":[{"a":254,"srcId":"textUser","w":197,"x":284,"h":45,"i":86,"y":499,"maskId":"textUserMask","z":3},{"a":254,"srcId":"textAnchor","w":197,"x":284,"h":46,"i":86,"y":652,"maskId":"textAnchorMask","z":2}],"i":86},{"obj":[{"a":254,"srcId":"textUser","w":197,"x":284,"h":45,"i":87,"y":499,"maskId":"textUserMask","z":3},{"a":254,"srcId":"textAnchor","w":197,"x":284,"h":46,"i":87,"y":652,"maskId":"textAnchorMask","z":2}],"i":87},{"obj":[{"a":254,"srcId":"textUser","w":197,"x":284,"h":45,"i":88,"y":499,"maskId":"textUserMask","z":3},{"a":254,"srcId":"textAnchor","w":197,"x":284,"h":46,"i":88,"y":652,"maskId":"textAnchorMask","z":2}],"i":88},{"obj":[{"a":254,"srcId":"textUser","w":197,"x":284,"h":45,"i":89,"y":499,"maskId":"textUserMask","z":3},{"a":254,"srcId":"textAnchor","w":197,"x":284,"h":46,"i":89,"y":652,"maskId":"textAnchorMask","z":2}],"i":89},{"obj":[{"a":254,"srcId":"textUser","w":197,"x":284,"h":45,"i":90,"y":499,"maskId":"textUserMask","z":3},{"a":254,"srcId":"textAnchor","w":197,"x":284,"h":46,"i":90,"y":652,"maskId":"textAnchorMask","z":2}],"i":90},{"obj":[{"a":254,"srcId":"textUser","w":197,"x":284,"h":45,"i":91,"y":499,"maskId":"textUserMask","z":3},{"a":254,"srcId":"textAnchor","w":197,"x":284,"h":46,"i":91,"y":652,"maskId":"textAnchorMask","z":2}],"i":91},{"obj":[{"a":254,"srcId":"textUser","w":197,"x":284,"h":45,"i":92,"y":499,"maskId":"textUserMask","z":3},{"a":254,"srcId":"textAnchor","w":197,"x":284,"h":46,"i":92,"y":652,"maskId":"textAnchorMask","z":2}],"i":92},{"obj":[{"a":254,"srcId":"textUser","w":197,"x":284,"h":45,"i":93,"y":499,"maskId":"textUserMask","z":3},{"a":254,"srcId":"textAnchor","w":197,"x":284,"h":46,"i":93,"y":652,"maskId":"textAnchorMask","z":2}],"i":93},{"obj":[{"a":254,"srcId":"textUser","w":197,"x":284,"h":45,"i":94,"y":499,"maskId":"textUserMask","z":3},{"a":254,"srcId":"textAnchor","w":197,"x":284,"h":46,"i":94,"y":652,"maskId":"textAnchorMask","z":2}],"i":94},{"obj":[{"a":254,"srcId":"textUser","w":197,"x":284,"h":45,"i":95,"y":499,"maskId":"textUserMask","z":3},{"a":254,"srcId":"textAnchor","w":197,"x":284,"h":46,"i":95,"y":652,"maskId":"textAnchorMask","z":2}],"i":95},{"obj":[{"a":254,"srcId":"textUser","w":197,"x":284,"h":45,"i":96,"y":499,"maskId":"textUserMask","z":3},{"a":254,"srcId":"textAnchor","w":197,"x":284,"h":46,"i":96,"y":652,"maskId":"textAnchorMask","z":2}],"i":96},{"obj":[{"a":254,"srcId":"textUser","w":197,"x":284,"h":45,"i":97,"y":499,"maskId":"textUserMask","z":3},{"a":254,"srcId":"textAnchor","w":197,"x":284,"h":46,"i":97,"y":652,"maskId":"textAnchorMask","z":2}],"i":97},{"obj":[{"a":254,"srcId":"textUser","w":197,"x":284,"h":45,"i":98,"y":499,"maskId":"textUserMask","z":3},{"a":254,"srcId":"textAnchor","w":197,"x":284,"h":46,"i":98,"y":652,"maskId":"textAnchorMask","z":2}],"i":98},{"obj":[{"a":254,"srcId":"textUser","w":197,"x":284,"h":45,"i":99,"y":499,"maskId":"textUserMask","z":3},{"a":254,"srcId":"textAnchor","w":197,"x":284,"h":46,"i":99,"y":652,"maskId":"textAnchorMask","z":2}],"i":99},{"obj":[{"a":254,"srcId":"textUser","w":197,"x":284,"h":45,"i":100,"y":499,"maskId":"textUserMask","z":3},{"a":254,"srcId":"textAnchor","w":197,"x":284,"h":46,"i":100,"y":652,"maskId":"textAnchorMask","z":2}],"i":100},{"obj":[{"a":254,"srcId":"textUser","w":197,"x":284,"h":45,"i":101,"y":499,"maskId":"textUserMask","z":3},{"a":254,"srcId":"textAnchor","w":197,"x":284,"h":46,"i":101,"y":652,"maskId":"textAnchorMask","z":2}],"i":101},{"obj":[{"a":254,"srcId":"textUser","w":197,"x":284,"h":45,"i":102,"y":499,"maskId":"textUserMask","z":3},{"a":254,"srcId":"textAnchor","w":197,"x":284,"h":46,"i":102,"y":652,"maskId":"textAnchorMask","z":2}],"i":102},{"obj":[{"a":254,"srcId":"textUser","w":197,"x":284,"h":45,"i":103,"y":499,"maskId":"textUserMask","z":3},{"a":254,"srcId":"textAnchor","w":197,"x":284,"h":46,"i":103,"y":652,"maskId":"textAnchorMask","z":2}],"i":103},{"obj":[{"a":254,"srcId":"textUser","w":197,"x":284,"h":45,"i":104,"y":499,"maskId":"textUserMask","z":3},{"a":254,"srcId":"textAnchor","w":197,"x":284,"h":46,"i":104,"y":652,"maskId":"textAnchorMask","z":2}],"i":104},{"obj":[{"a":254,"srcId":"textUser","w":197,"x":284,"h":45,"i":105,"y":499,"maskId":"textUserMask","z":3},{"a":254,"srcId":"textAnchor","w":197,"x":284,"h":46,"i":105,"y":652,"maskId":"textAnchorMask","z":2}],"i":105},{"obj":[{"a":254,"srcId":"textUser","w":197,"x":284,"h":45,"i":106,"y":499,"maskId":"textUserMask","z":3},{"a":254,"srcId":"textAnchor","w":197,"x":284,"h":46,"i":106,"y":652,"maskId":"textAnchorMask","z":2}],"i":106},{"obj":[{"a":254,"srcId":"textUser","w":197,"x":284,"h":45,"i":107,"y":499,"maskId":"textUserMask","z":3},{"a":254,"srcId":"textAnchor","w":197,"x":284,"h":46,"i":107,"y":652,"maskId":"textAnchorMask","z":2}],"i":107},{"obj":[{"a":254,"srcId":"textUser","w":197,"x":284,"h":45,"i":108,"y":499,"maskId":"textUserMask","z":3},{"a":254,"srcId":"textAnchor","w":197,"x":284,"h":46,"i":108,"y":652,"maskId":"textAnchorMask","z":2}],"i":108},{"obj":[{"a":254,"srcId":"textUser","w":197,"x":284,"h":45,"i":109,"y":499,"maskId":"textUserMask","z":3},{"a":254,"srcId":"textAnchor","w":197,"x":284,"h":46,"i":109,"y":652,"maskId":"textAnchorMask","z":2}],"i":109},{"obj":[{"a":254,"srcId":"textUser","w":197,"x":284,"h":45,"i":110,"y":499,"maskId":"textUserMask","z":3},{"a":254,"srcId":"textAnchor","w":197,"x":284,"h":46,"i":110,"y":652,"maskId":"textAnchorMask","z":2}],"i":110},{"obj":[{"a":254,"srcId":"textUser","w":197,"x":284,"h":45,"i":111,"y":499,"maskId":"textUserMask","z":3},{"a":254,"srcId":"textAnchor","w":197,"x":284,"h":46,"i":111,"y":652,"maskId":"textAnchorMask","z":2}],"i":111},{"obj":[{"a":254,"srcId":"textUser","w":197,"x":284,"h":45,"i":112,"y":499,"maskId":"textUserMask","z":3},{"a":254,"srcId":"textAnchor","w":197,"x":284,"h":46,"i":112,"y":652,"maskId":"textAnchorMask","z":2}],"i":112},{"obj":[{"a":254,"srcId":"textUser","w":197,"x":284,"h":45,"i":113,"y":499,"maskId":"textUserMask","z":3},{"a":254,"srcId":"textAnchor","w":197,"x":284,"h":46,"i":113,"y":652,"maskId":"textAnchorMask","z":2}],"i":113},{"obj":[{"a":254,"srcId":"textUser","w":197,"x":284,"h":45,"i":114,"y":499,"maskId":"textUserMask","z":3},{"a":254,"srcId":"textAnchor","w":197,"x":284,"h":46,"i":114,"y":652,"maskId":"textAnchorMask","z":2}],"i":114},{"obj":[{"a":254,"srcId":"textUser","w":197,"x":284,"h":45,"i":115,"y":499,"maskId":"textUserMask","z":3},{"a":254,"srcId":"textAnchor","w":197,"x":284,"h":46,"i":115,"y":652,"maskId":"textAnchorMask","z":2}],"i":115},{"obj":[{"a":254,"srcId":"textUser","w":197,"x":284,"h":45,"i":116,"y":499,"maskId":"textUserMask","z":3},{"a":254,"srcId":"textAnchor","w":197,"x":284,"h":46,"i":116,"y":652,"maskId":"textAnchorMask","z":2}],"i":116},{"obj":[{"a":254,"srcId":"textUser","w":197,"x":284,"h":45,"i":117,"y":499,"maskId":"textUserMask","z":3},{"a":254,"srcId":"textAnchor","w":197,"x":284,"h":46,"i":117,"y":652,"maskId":"textAnchorMask","z":2}],"i":117},{"obj":[{"a":254,"srcId":"textUser","w":197,"x":284,"h":45,"i":118,"y":499,"maskId":"textUserMask","z":3},{"a":254,"srcId":"textAnchor","w":197,"x":284,"h":46,"i":118,"y":652,"maskId":"textAnchorMask","z":2}],"i":118},{"obj":[{"a":254,"srcId":"textUser","w":197,"x":284,"h":45,"i":119,"y":499,"maskId":"textUserMask","z":3},{"a":254,"srcId":"textAnchor","w":197,"x":284,"h":46,"i":119,"y":652,"maskId":"textAnchorMask","z":2}],"i":119},{"obj":[{"a":254,"srcId":"textUser","w":197,"x":284,"h":45,"i":120,"y":499,"maskId":"textUserMask","z":3},{"a":254,"srcId":"textAnchor","w":197,"x":284,"h":46,"i":120,"y":652,"maskId":"textAnchorMask","z":2}],"i":120},{"obj":[{"a":254,"srcId":"textUser","w":197,"x":284,"h":45,"i":121,"y":499,"maskId":"textUserMask","z":3},{"a":254,"srcId":"textAnchor","w":197,"x":284,"h":46,"i":121,"y":652,"maskId":"textAnchorMask","z":2}],"i":121},{"obj":[{"a":254,"srcId":"textUser","w":197,"x":284,"h":45,"i":122,"y":499,"maskId":"textUserMask","z":3},{"a":254,"srcId":"textAnchor","w":197,"x":284,"h":46,"i":122,"y":652,"maskId":"textAnchorMask","z":2}],"i":122},{"obj":[{"a":254,"srcId":"textUser","w":197,"x":284,"h":45,"i":123,"y":499,"maskId":"textUserMask","z":3},{"a":254,"srcId":"textAnchor","w":197,"x":284,"h":46,"i":123,"y":652,"maskId":"textAnchorMask","z":2}],"i":123},{"obj":[{"a":254,"srcId":"textUser","w":197,"x":284,"h":45,"i":124,"y":499,"maskId":"textUserMask","z":3},{"a":254,"srcId":"textAnchor","w":197,"x":284,"h":46,"i":124,"y":652,"maskId":"textAnchorMask","z":2}],"i":124},{"obj":[{"a":254,"srcId":"textUser","w":197,"x":284,"h":45,"i":125,"y":499,"maskId":"textUserMask","z":3},{"a":254,"srcId":"textAnchor","w":197,"x":284,"h":46,"i":125,"y":652,"maskId":"textAnchorMask","z":2}],"i":125},{"obj":[{"a":254,"srcId":"textUser","w":197,"x":284,"h":45,"i":126,"y":499,"maskId":"textUserMask","z":3},{"a":254,"srcId":"textAnchor","w":197,"x":284,"h":46,"i":126,"y":652,"maskId":"textAnchorMask","z":2}],"i":126},{"obj":[{"a":254,"srcId":"textUser","w":197,"x":284,"h":45,"i":127,"y":499,"maskId":"textUserMask","z":3},{"a":254,"srcId":"textAnchor","w":197,"x":284,"h":46,"i":127,"y":652,"maskId":"textAnchorMask","z":2}],"i":127},{"obj":[{"a":254,"srcId":"textUser","w":197,"x":284,"h":45,"i":128,"y":499,"maskId":"textUserMask","z":3},{"a":254,"srcId":"textAnchor","w":197,"x":284,"h":46,"i":128,"y":652,"maskId":"textAnchorMask","z":2}],"i":128},{"obj":[{"a":254,"srcId":"textUser","w":197,"x":284,"h":45,"i":129,"y":499,"maskId":"textUserMask","z":3},{"a":254,"srcId":"textAnchor","w":197,"x":284,"h":46,"i":129,"y":652,"maskId":"textAnchorMask","z":2}],"i":129},{"obj":[{"a":254,"srcId":"textUser","w":197,"x":284,"h":45,"i":130,"y":499,"maskId":"textUserMask","z":3},{"a":254,"srcId":"textAnchor","w":197,"x":284,"h":46,"i":130,"y":652,"maskId":"textAnchorMask","z":2}],"i":130},{"obj":[{"a":254,"srcId":"textUser","w":197,"x":284,"h":45,"i":131,"y":499,"maskId":"textUserMask","z":3},{"a":254,"srcId":"textAnchor","w":197,"x":284,"h":46,"i":131,"y":652,"maskId":"textAnchorMask","z":2}],"i":131},{"obj":[{"a":254,"srcId":"textUser","w":197,"x":284,"h":45,"i":132,"y":499,"maskId":"textUserMask","z":3},{"a":254,"srcId":"textAnchor","w":197,"x":284,"h":46,"i":132,"y":652,"maskId":"textAnchorMask","z":2}],"i":132},{"obj":[{"a":254,"srcId":"textUser","w":197,"x":284,"h":45,"i":133,"y":499,"maskId":"textUserMask","z":3},{"a":254,"srcId":"textAnchor","w":197,"x":284,"h":46,"i":133,"y":652,"maskId":"textAnchorMask","z":2}],"i":133},{"obj":[{"a":254,"srcId":"textUser","w":197,"x":284,"h":45,"i":134,"y":499,"maskId":"textUserMask","z":3},{"a":254,"srcId":"textAnchor","w":197,"x":284,"h":46,"i":134,"y":652,"maskId":"textAnchorMask","z":2}],"i":134},{"obj":[{"a":254,"srcId":"textUser","w":197,"x":284,"h":45,"i":135,"y":499,"maskId":"textUserMask","z":3},{"a":254,"srcId":"textAnchor","w":197,"x":284,"h":46,"i":135,"y":652,"maskId":"textAnchorMask","z":2}],"i":135},{"obj":[{"a":254,"srcId":"textUser","w":197,"x":284,"h":45,"i":136,"y":499,"maskId":"textUserMask","z":3},{"a":254,"srcId":"textAnchor","w":197,"x":284,"h":46,"i":136,"y":652,"maskId":"textAnchorMask","z":2}],"i":136},{"obj":[{"a":254,"srcId":"textUser","w":197,"x":284,"h":45,"i":137,"y":499,"maskId":"textUserMask","z":3},{"a":254,"srcId":"textAnchor","w":197,"x":284,"h":46,"i":137,"y":652,"maskId":"textAnchorMask","z":2}],"i":137},{"obj":[{"a":254,"srcId":"textUser","w":197,"x":284,"h":45,"i":138,"y":499,"maskId":"textUserMask","z":3},{"a":254,"srcId":"textAnchor","w":197,"x":284,"h":46,"i":138,"y":652,"maskId":"textAnchorMask","z":2}],"i":138},{"obj":[{"a":254,"srcId":"textUser","w":197,"x":284,"h":45,"i":139,"y":499,"maskId":"textUserMask","z":3},{"a":254,"srcId":"textAnchor","w":197,"x":284,"h":46,"i":139,"y":652,"maskId":"textAnchorMask","z":2}],"i":139},{"obj":[{"a":254,"srcId":"textUser","w":197,"x":284,"h":45,"i":140,"y":499,"maskId":"textUserMask","z":3},{"a":254,"srcId":"textAnchor","w":197,"x":284,"h":46,"i":140,"y":652,"maskId":"textAnchorMask","z":2}],"i":140},{"obj":[{"a":254,"srcId":"textUser","w":197,"x":284,"h":45,"i":141,"y":499,"maskId":"textUserMask","z":3},{"a":254,"srcId":"textAnchor","w":197,"x":284,"h":46,"i":141,"y":652,"maskId":"textAnchorMask","z":2}],"i":141},{"obj":[{"a":254,"srcId":"textUser","w":197,"x":284,"h":45,"i":142,"y":499,"maskId":"textUserMask","z":3},{"a":254,"srcId":"textAnchor","w":197,"x":284,"h":46,"i":142,"y":652,"maskId":"textAnchorMask","z":2}],"i":142},{"obj":[{"a":254,"srcId":"textUser","w":197,"x":284,"h":45,"i":143,"y":499,"maskId":"textUserMask","z":3},{"a":254,"srcId":"textAnchor","w":197,"x":284,"h":46,"i":143,"y":652,"maskId":"textAnchorMask","z":2}],"i":143},{"obj":[{"a":254,"srcId":"textUser","w":197,"x":284,"h":45,"i":144,"y":499,"maskId":"textUserMask","z":3},{"a":254,"srcId":"textAnchor","w":197,"x":284,"h":46,"i":144,"y":652,"maskId":"textAnchorMask","z":2}],"i":144},{"obj":[{"a":254,"srcId":"textUser","w":197,"x":284,"h":45,"i":145,"y":499,"maskId":"textUserMask","z":3},{"a":254,"srcId":"textAnchor","w":197,"x":284,"h":46,"i":145,"y":652,"maskId":"textAnchorMask","z":2}],"i":145},{"obj":[{"a":254,"srcId":"textUser","w":197,"x":284,"h":45,"i":146,"y":499,"maskId":"textUserMask","z":3},{"a":254,"srcId":"textAnchor","w":197,"x":284,"h":46,"i":146,"y":652,"maskId":"textAnchorMask","z":2}],"i":146},{"obj":[{"a":254,"srcId":"textUser","w":197,"x":284,"h":45,"i":147,"y":499,"maskId":"textUserMask","z":3},{"a":254,"srcId":"textAnchor","w":197,"x":284,"h":46,"i":147,"y":652,"maskId":"textAnchorMask","z":2}],"i":147},{"obj":[{"a":254,"srcId":"textUser","w":197,"x":284,"h":45,"i":148,"y":499,"maskId":"textUserMask","z":3},{"a":254,"srcId":"textAnchor","w":197,"x":284,"h":46,"i":148,"y":652,"maskId":"textAnchorMask","z":2}],"i":148},{"obj":[{"a":254,"srcId":"textUser","w":197,"x":284,"h":45,"i":149,"y":499,"maskId":"textUserMask","z":3},{"a":254,"srcId":"textAnchor","w":197,"x":284,"h":46,"i":149,"y":652,"maskId":"textAnchorMask","z":2}],"i":149},{"obj":[{"a":254,"srcId":"textUser","w":197,"x":284,"h":45,"i":150,"y":499,"maskId":"textUserMask","z":3},{"a":254,"srcId":"textAnchor","w":197,"x":284,"h":46,"i":150,"y":652,"maskId":"textAnchorMask","z":2}],"i":150},{"obj":[{"a":254,"srcId":"textUser","w":197,"x":284,"h":45,"i":151,"y":499,"maskId":"textUserMask","z":3},{"a":254,"srcId":"textAnchor","w":197,"x":284,"h":46,"i":151,"y":652,"maskId":"textAnchorMask","z":2}],"i":151},{"obj":[{"a":254,"srcId":"textUser","w":197,"x":284,"h":45,"i":152,"y":499,"maskId":"textUserMask","z":3},{"a":254,"srcId":"textAnchor","w":197,"x":284,"h":46,"i":152,"y":652,"maskId":"textAnchorMask","z":2}],"i":152},{"obj":[{"a":254,"srcId":"textUser","w":197,"x":284,"h":45,"i":153,"y":499,"maskId":"textUserMask","z":3},{"a":254,"srcId":"textAnchor","w":197,"x":284,"h":46,"i":153,"y":652,"maskId":"textAnchorMask","z":2}],"i":153},{"obj":[{"a":254,"srcId":"textUser","w":197,"x":284,"h":45,"i":154,"y":499,"maskId":"textUserMask","z":3},{"a":254,"srcId":"textAnchor","w":197,"x":284,"h":46,"i":154,"y":652,"maskId":"textAnchorMask","z":2}],"i":154},{"obj":[{"a":254,"srcId":"textUser","w":197,"x":284,"h":45,"i":155,"y":499,"maskId":"textUserMask","z":3},{"a":254,"srcId":"textAnchor","w":197,"x":284,"h":46,"i":155,"y":652,"maskId":"textAnchorMask","z":2}],"i":155},{"obj":[{"a":254,"srcId":"textUser","w":197,"x":284,"h":45,"i":156,"y":499,"maskId":"textUserMask","z":3},{"a":254,"srcId":"textAnchor","w":197,"x":284,"h":46,"i":156,"y":652,"maskId":"textAnchorMask","z":2}],"i":156},{"obj":[{"a":254,"srcId":"textUser","w":197,"x":284,"h":45,"i":157,"y":499,"maskId":"textUserMask","z":3},{"a":254,"srcId":"textAnchor","w":197,"x":284,"h":46,"i":157,"y":652,"maskId":"textAnchorMask","z":2}],"i":157},{"obj":[{"a":254,"srcId":"textUser","w":197,"x":284,"h":45,"i":158,"y":499,"maskId":"textUserMask","z":3},{"a":254,"srcId":"textAnchor","w":197,"x":284,"h":46,"i":158,"y":652,"maskId":"textAnchorMask","z":2}],"i":158},{"obj":[{"a":254,"srcId":"textUser","w":197,"x":284,"h":45,"i":159,"y":499,"maskId":"textUserMask","z":3},{"a":254,"srcId":"textAnchor","w":197,"x":284,"h":46,"i":159,"y":652,"maskId":"textAnchorMask","z":2}],"i":159},{"obj":[{"a":254,"srcId":"textUser","w":197,"x":284,"h":45,"i":160,"y":499,"maskId":"textUserMask","z":3},{"a":254,"srcId":"textAnchor","w":197,"x":284,"h":46,"i":160,"y":652,"maskId":"textAnchorMask","z":2}],"i":160},{"obj":[{"a":254,"srcId":"textUser","w":197,"x":284,"h":45,"i":161,"y":499,"maskId":"textUserMask","z":3},{"a":254,"srcId":"textAnchor","w":197,"x":284,"h":46,"i":161,"y":652,"maskId":"textAnchorMask","z":2}],"i":161},{"obj":[{"a":254,"srcId":"textUser","w":197,"x":284,"h":45,"i":162,"y":499,"maskId":"textUserMask","z":3},{"a":254,"srcId":"textAnchor","w":197,"x":284,"h":46,"i":162,"y":652,"maskId":"textAnchorMask","z":2}],"i":162},{"obj":[{"a":254,"srcId":"textUser","w":197,"x":284,"h":45,"i":163,"y":499,"maskId":"textUserMask","z":3},{"a":254,"srcId":"textAnchor","w":197,"x":284,"h":46,"i":163,"y":652,"maskId":"textAnchorMask","z":2}],"i":163},{"obj":[{"a":254,"srcId":"textUser","w":197,"x":284,"h":45,"i":164,"y":499,"maskId":"textUserMask","z":3},{"a":254,"srcId":"textAnchor","w":197,"x":284,"h":46,"i":164,"y":652,"maskId":"textAnchorMask","z":2}],"i":164},{"obj":[{"a":254,"srcId":"textUser","w":197,"x":284,"h":45,"i":165,"y":499,"maskId":"textUserMask","z":3},{"a":254,"srcId":"textAnchor","w":197,"x":284,"h":46,"i":165,"y":652,"maskId":"textAnchorMask","z":2}],"i":165},{"obj":[{"a":254,"srcId":"textUser","w":197,"x":284,"h":45,"i":166,"y":499,"maskId":"textUserMask","z":3},{"a":254,"srcId":"textAnchor","w":197,"x":284,"h":46,"i":166,"y":652,"maskId":"textAnchorMask","z":2}],"i":166},{"obj":[{"a":254,"srcId":"textUser","w":197,"x":284,"h":45,"i":167,"y":499,"maskId":"textUserMask","z":3},{"a":254,"srcId":"textAnchor","w":197,"x":284,"h":46,"i":167,"y":652,"maskId":"textAnchorMask","z":2}],"i":167},{"obj":[{"a":254,"srcId":"textUser","w":197,"x":284,"h":45,"i":168,"y":499,"maskId":"textUserMask","z":3},{"a":254,"srcId":"textAnchor","w":197,"x":284,"h":46,"i":168,"y":652,"maskId":"textAnchorMask","z":2}],"i":168},{"obj":[{"a":254,"srcId":"textUser","w":197,"x":284,"h":45,"i":169,"y":499,"maskId":"textUserMask","z":3},{"a":254,"srcId":"textAnchor","w":197,"x":284,"h":46,"i":169,"y":652,"maskId":"textAnchorMask","z":2}],"i":169},{"obj":[{"a":254,"srcId":"textUser","w":197,"x":284,"h":45,"i":170,"y":499,"maskId":"textUserMask","z":3},{"a":254,"srcId":"textAnchor","w":197,"x":284,"h":46,"i":170,"y":652,"maskId":"textAnchorMask","z":2}],"i":170},{"obj":[{"a":254,"srcId":"textUser","w":197,"x":284,"h":45,"i":171,"y":499,"maskId":"textUserMask","z":3},{"a":254,"srcId":"textAnchor","w":197,"x":284,"h":46,"i":171,"y":652,"maskId":"textAnchorMask","z":2}],"i":171},{"obj":[{"a":254,"srcId":"textUser","w":197,"x":284,"h":45,"i":172,"y":499,"maskId":"textUserMask","z":3},{"a":254,"srcId":"textAnchor","w":197,"x":284,"h":46,"i":172,"y":652,"maskId":"textAnchorMask","z":2}],"i":172},{"obj":[{"a":254,"srcId":"textUser","w":197,"x":284,"h":45,"i":173,"y":499,"maskId":"textUserMask","z":3},{"a":254,"srcId":"textAnchor","w":197,"x":284,"h":46,"i":173,"y":652,"maskId":"textAnchorMask","z":2}],"i":173},{"obj":[{"a":254,"srcId":"textUser","w":197,"x":284,"h":45,"i":174,"y":499,"maskId":"textUserMask","z":3},{"a":254,"srcId":"textAnchor","w":197,"x":284,"h":46,"i":174,"y":652,"maskId":"textAnchorMask","z":2}],"i":174},{"obj":[{"a":254,"srcId":"textUser","w":197,"x":284,"h":45,"i":175,"y":499,"maskId":"textUserMask","z":3},{"a":254,"srcId":"textAnchor","w":197,"x":284,"h":46,"i":175,"y":652,"maskId":"textAnchorMask","z":2}],"i":175},{"obj":[{"a":254,"srcId":"textUser","w":197,"x":284,"h":45,"i":176,"y":499,"maskId":"textUserMask","z":3},{"a":254,"srcId":"textAnchor","w":197,"x":284,"h":46,"i":176,"y":652,"maskId":"textAnchorMask","z":2}],"i":176},{"obj":[{"a":254,"srcId":"textUser","w":197,"x":284,"h":45,"i":177,"y":499,"maskId":"textUserMask","z":3},{"a":254,"srcId":"textAnchor","w":197,"x":284,"h":46,"i":177,"y":652,"maskId":"textAnchorMask","z":2}],"i":177},{"obj":[{"a":254,"srcId":"textUser","w":197,"x":284,"h":45,"i":178,"y":499,"maskId":"textUserMask","z":3},{"a":254,"srcId":"textAnchor","w":197,"x":284,"h":46,"i":178,"y":652,"maskId":"textAnchorMask","z":2}],"i":178},{"obj":[{"a":254,"srcId":"textUser","w":197,"x":284,"h":45,"i":179,"y":499,"maskId":"textUserMask","z":3},{"a":254,"srcId":"textAnchor","w":197,"x":284,"h":46,"i":179,"y":652,"maskId":"textAnchorMask","z":2}],"i":179},{"obj":[{"a":254,"srcId":"textUser","w":197,"x":284,"h":45,"i":180,"y":499,"maskId":"textUserMask","z":3},{"a":254,"srcId":"textAnchor","w":197,"x":284,"h":46,"i":180,"y":652,"maskId":"textAnchorMask","z":2}],"i":180},{"obj":[{"a":254,"srcId":"textUser","w":197,"x":284,"h":45,"i":181,"y":499,"maskId":"textUserMask","z":3},{"a":254,"srcId":"textAnchor","w":197,"x":284,"h":46,"i":181,"y":652,"maskId":"textAnchorMask","z":2}],"i":181},{"obj":[{"a":225,"srcId":"textUser","w":197,"x":284,"h":45,"i":182,"y":499,"maskId":"textUserMask","z":3},{"a":226,"srcId":"textAnchor","w":197,"x":284,"h":46,"i":182,"y":652,"maskId":"textAnchorMask","z":2}],"i":182},{"obj":[{"a":196,"srcId":"textUser","w":197,"x":284,"h":45,"i":183,"y":499,"maskId":"textUserMask","z":3},{"a":197,"srcId":"textAnchor","w":197,"x":284,"h":46,"i":183,"y":652,"maskId":"textAnchorMask","z":2}],"i":183},{"obj":[{"a":169,"srcId":"textUser","w":197,"x":284,"h":45,"i":184,"y":499,"maskId":"textUserMask","z":3},{"a":169,"srcId":"textAnchor","w":197,"x":284,"h":46,"i":184,"y":652,"maskId":"textAnchorMask","z":2}],"i":184},{"obj":[{"a":141,"srcId":"textUser","w":197,"x":284,"h":45,"i":185,"y":499,"maskId":"textUserMask","z":3},{"a":141,"srcId":"textAnchor","w":197,"x":284,"h":46,"i":185,"y":652,"maskId":"textAnchorMask","z":2}],"i":185},{"obj":[{"a":113,"srcId":"textUser","w":197,"x":284,"h":45,"i":186,"y":499,"maskId":"textUserMask","z":3},{"a":113,"srcId":"textAnchor","w":197,"x":284,"h":46,"i":186,"y":652,"maskId":"textAnchorMask","z":2}],"i":186},{"obj":[{"a":85,"srcId":"textUser","w":197,"x":284,"h":45,"i":187,"y":499,"maskId":"textUserMask","z":3},{"a":85,"srcId":"textAnchor","w":197,"x":284,"h":46,"i":187,"y":652,"maskId":"textAnchorMask","z":2}],"i":187},{"obj":[{"a":57,"srcId":"textUser","w":197,"x":284,"h":45,"i":188,"y":499,"maskId":"textUserMask","z":3},{"a":57,"srcId":"textAnchor","w":197,"x":284,"h":46,"i":188,"y":652,"maskId":"textAnchorMask","z":2}],"i":188},{"obj":[{"a":28,"srcId":"textAnchor","w":196,"x":285,"h":46,"i":189,"y":652,"maskId":"textAnchorMask","z":2}],"i":189},{"obj":[{"a":121,"srcId":"imgAnchor","w":6,"x":745,"h":31,"i":22,"y":645,"maskId":"imgAnchorMask","z":1}],"i":22},{"obj":[{"a":121,"srcId":"imgAnchor","w":47,"x":666,"h":47,"i":23,"y":659,"maskId":"imgAnchorMask","z":1},{"a":130,"srcId":"imgUser","w":18,"x":733,"h":54,"i":23,"y":650,"maskId":"imgUserMask","z":0}],"i":23},{"obj":[{"a":121,"srcId":"imgAnchor","w":48,"x":598,"h":51,"i":24,"y":670,"maskId":"imgAnchorMask","z":1},{"a":129,"srcId":"imgUser","w":59,"x":666,"h":62,"i":24,"y":662,"maskId":"imgUserMask","z":0}],"i":24},{"obj":[{"a":121,"srcId":"imgAnchor","w":49,"x":547,"h":53,"i":25,"y":678,"maskId":"imgAnchorMask","z":1},{"a":130,"srcId":"imgUser","w":63,"x":616,"h":65,"i":25,"y":669,"maskId":"imgUserMask","z":0}],"i":25},{"obj":[{"a":122,"srcId":"imgAnchor","w":51,"x":509,"h":55,"i":26,"y":683,"maskId":"imgAnchorMask","z":1},{"a":131,"srcId":"imgUser","w":66,"x":581,"h":67,"i":26,"y":673,"maskId":"imgUserMask","z":0}],"i":26},{"obj":[{"a":123,"srcId":"imgAnchor","w":52,"x":477,"h":57,"i":27,"y":687,"maskId":"imgAnchorMask","z":1},{"a":135,"srcId":"imgUser","w":71,"x":551,"h":69,"i":27,"y":676,"maskId":"imgUserMask","z":0}],"i":27},{"obj":[{"a":125,"srcId":"imgAnchor","w":54,"x":451,"h":58,"i":28,"y":690,"maskId":"imgAnchorMask","z":1},{"a":133,"srcId":"imgUser","w":75,"x":527,"h":71,"i":28,"y":678,"maskId":"imgUserMask","z":0}],"i":28},{"obj":[{"a":127,"srcId":"imgAnchor","w":55,"x":430,"h":58,"i":29,"y":693,"maskId":"imgAnchorMask","z":1},{"a":135,"srcId":"imgUser","w":79,"x":507,"h":71,"i":29,"y":680,"maskId":"imgUserMask","z":0}],"i":29},{"obj":[{"a":131,"srcId":"imgAnchor","w":56,"x":414,"h":59,"i":30,"y":695,"maskId":"imgAnchorMask","z":1},{"a":138,"srcId":"imgUser","w":82,"x":491,"h":71,"i":30,"y":682,"maskId":"imgUserMask","z":0}],"i":30},{"obj":[{"a":137,"srcId":"imgAnchor","w":58,"x":402,"h":58,"i":31,"y":697,"maskId":"imgAnchorMask","z":1},{"a":140,"srcId":"imgUser","w":83,"x":480,"h":71,"i":31,"y":683,"maskId":"imgUserMask","z":0}],"i":31},{"obj":[{"a":142,"srcId":"imgAnchor","w":60,"x":393,"h":59,"i":32,"y":698,"maskId":"imgAnchorMask","z":1},{"a":142,"srcId":"imgUser","w":84,"x":472,"h":71,"i":32,"y":685,"maskId":"imgUserMask","z":0}],"i":32},{"obj":[{"a":149,"srcId":"imgAnchor","w":60,"x":388,"h":59,"i":33,"y":699,"maskId":"imgAnchorMask","z":1},{"a":142,"srcId":"imgUser","w":84,"x":467,"h":71,"i":33,"y":686,"maskId":"imgUserMask","z":0}],"i":33},{"obj":[{"a":158,"srcId":"imgAnchor","w":61,"x":384,"h":60,"i":34,"y":699,"maskId":"imgAnchorMask","z":1},{"a":140,"srcId":"imgUser","w":84,"x":464,"h":72,"i":34,"y":687,"maskId":"imgUserMask","z":0}],"i":34},{"obj":[{"a":162,"srcId":"imgAnchor","w":64,"x":379,"h":61,"i":35,"y":700,"maskId":"imgAnchorMask","z":1},{"a":136,"srcId":"imgUser","w":85,"x":461,"h":73,"i":35,"y":688,"maskId":"imgUserMask","z":0}],"i":35},{"obj":[{"a":158,"srcId":"imgAnchor","w":65,"x":377,"h":61,"i":36,"y":702,"maskId":"imgAnchorMask","z":1},{"a":134,"srcId":"imgUser","w":85,"x":460,"h":73,"i":36,"y":691,"maskId":"imgUserMask","z":0}],"i":36},{"obj":[{"a":147,"srcId":"imgAnchor","w":66,"x":376,"h":60,"i":37,"y":706,"maskId":"imgAnchorMask","z":1},{"a":134,"srcId":"imgUser","w":86,"x":458,"h":72,"i":37,"y":694,"maskId":"imgUserMask","z":0}],"i":37},{"obj":[{"a":140,"srcId":"imgAnchor","w":67,"x":376,"h":59,"i":38,"y":708,"maskId":"imgAnchorMask","z":1},{"a":136,"srcId":"imgUser","w":85,"x":458,"h":72,"i":38,"y":696,"maskId":"imgUserMask","z":0}],"i":38}]}
